judge,hr_coil_id,ap_plant,ap_prod_id,ap_date,ap_shift,ap_thick,ap_width,ap_line_speed
양품,H001,AP1,A001,2025-02-01,A,2.8,1200,85
양품,H002,AP1,A002,2025-02-02,B,2.9,1200,86
불량,H003,AP2,A003,2025-02-03,A,2.8,1250,70
양품,H004,AP2,A004,2025-02-04,B,3.0,1250,82
양품,H005,AP1,A005,2025-02-05,A,3.8,1300,84
불량,H006,AP1,A006,2025-02-06,B,3.9,1300,68
양품,H007,AP2,A007,2025-02-07,A,3.8,1350,83
양품,H008,AP2,A008,2025-02-08,B,4.0,1350,81
,H009,AP1,A009,2025-03-25,A,2.8,1200,87
양품,H010,AP1,A010,2025-03-26,B,2.9,1200,88
불량,H011,AP2,A011,2025-04-01,A,2.8,1250,69
양품,H012,AP2,A012,2025-04-02,B,3.0,1250,80
양품,H006,AP1,A006-DUP,2025-02-06,B,3.9,1300,68
양품,UNLINKED-H999,AP1,A999,2025-02-10,A,3.0,1200,90
