charge_id,slab_no,furnace_no,f_jangip_gubun,f_jangip_temp,slab_width,f_pre_temp,f_pre_interval,f_heat_temp,f_heat_interval,f_sock_temp,f_sock_interval,f_bfg,f_cog,f_ldg,f_ext_date,f_ext_time,hr_coil_id,hr_date,hr_thick,hr_width,rm4_temp,rm_pitch
CH1,1,1,COLD,620,1200,1080,40,1220,55,1240,30,100,30,20,2025-01-01,7,H001,2025-01-01,3.0,1210,1040,2.1
CH1,2,2,COLD,625,1200,1085,41,1225,54,1245,31,102,31,20,2025-01-01,7,H002,2025-01-01,3.1,1210,1045,2.2
CH2,1,3,HOT,700,1250,1100,38,1230,52,1250,29,98,32,22,2025-01-02,8,H003,2025-01-02,3.0,1260,1050,2.0
CH2,2,4,HOT,705,1250,1105,39,1235,53,1255,28,99,33,21,2025-01-02,8,H004,2025-01-02,3.2,1260,1055,2.3
CH3,1,1,COLD,615,1300,1075,42,1215,56,1235,32,105,28,18,2025-01-03,9,H005,2025-01-03,4.0,1310,1035,2.4
CH3,2,2,COLD,618,1300,1078,43,1218,57,1238,33,106,29,19,2025-01-03,9,H006,2025-01-03,4.1,1310,1038,2.5
CH4,1,3,HOT,710,1350,1110,37,1240,50,1260,27,95,35,25,2025-01-04,10,H007,2025-01-04,4.0,1360,1060,1.9
CH4,2,4,HOT,715,1350,1115,36,1245,49,1265,26,94,36,26,2025-01-04,10,H008,2025-01-04,4.2,1360,1065,1.8
CH5,1,1,COLD,630,1200,1090,40,1228,54,1248,30,101,30,20,2025-02-20,11,H009,2025-02-20,3.0,1210,1048,2.1
CH5,2,2,COLD,635,1200,1095,41,1232,55,1252,31,103,31,19,2025-02-20,11,H010,2025-02-20,3.1,1210,1052,2.2
CH6,1,3,HOT,720,1250,1120,35,1250,48,1270,25,92,38,28,2025-02-21,12,H011,2025-02-21,3.0,1260,1070,1.7
CH6,2,4,HOT,725,1250,1125,34,1255,47,1275,24,91,39,29,2025-02-21,12,H012,2025-02-21,3.2,1260,1075,1.6
