model,feature_variant,oof_pr_auc,oof_roc_auc,oof_brier_score,worst_time_pr_auc,recommended
rank_average_top2,engineered_union,0.12241328793508756,0.7966433620342039,0.3152042708012818,0.021815978829823196,True
random_forest_depth10_leaf20,engineered,0.12034657316653548,0.7950836759009391,0.05321479698544764,0.026235962112206242,False
hist_gb_leaves15_leaf20,engineered,0.11608187945490046,0.7818663137901024,0.1069946865732895,0.016951269166470953,False
extra_trees_depth10_leaf20,engineered,0.10927051443479185,0.7736930430038663,0.11239743297047561,0.02225198452917139,False
hist_gb_leaves7_leaf20,engineered,0.1090535389220455,0.7769583828254576,0.13140033239728344,0.018245891233175177,False
extra_trees_unbounded_leaf30,engineered,0.10552309939603233,0.7761348065108828,0.10409228869191599,0.021065501300500063,False
hist_gb_leaves15_leaf40,engineered,0.0985503784468324,0.7825923883393818,0.09647967500214501,0.015118143395188393,False
random_forest_depth6_leaf10,engineered,0.0913292136589079,0.7614534354376381,0.11034584824935245,0.027462564167856363,False
extra_trees_depth6_leaf10,engineered,0.07135288326845582,0.7446582717076562,0.17017631843134495,0.02466324902818464,False
logistic_l2_c0_03_engineered,engineered,0.06289009002322718,0.7463298282874175,0.1875739891664075,0.016077930369139015,False
logistic_l2_c0_1_base,base,0.0626387096195517,0.7466765012306888,0.18746340752472404,0.01605914723256051,False
logistic_l2_c0_3_engineered,engineered,0.06224041040516989,0.7402646483002989,0.18652316282578696,0.016306231811066788,False
elastic_net_c0_1_l1r0_25,engineered,0.062010841878778145,0.7363958238682498,0.18538471104664422,0.009499134307828335,False
logistic_l2_c1_engineered,engineered,0.06187042879008732,0.7380981704791566,0.18639891517306367,0.016997794869162,False
elastic_net_c0_3_l1r0_5,engineered,0.05936965284868189,0.7345069124760294,0.20523947025256234,0.0187636797948654,False
elastic_net_c0_1_l1r0_5,engineered,0.05753052554537784,0.7384024216017384,0.20439819626149971,0.016062727215611666,False
elastic_net_c0_03_l1r0_25,engineered,0.05027452578929346,0.7213426916782073,0.1872493680116637,0.021420015821729296,False
