model,fold,fit_rows,score_rows,pr_auc,roc_auc
logistic_l2_c0_1_base,0,4334,2707,0.01605914723256051,0.4638084112149533
logistic_l2_c0_1_base,1,7564,7399,0.05461670743884224,0.6146875516853019
logistic_l2_c0_03_engineered,0,4334,2707,0.016077930369139015,0.4437032710280374
logistic_l2_c0_03_engineered,1,7564,7399,0.06311232492675141,0.6251512820580135
logistic_l2_c0_3_engineered,0,4334,2707,0.016306231811066788,0.46776869158878503
logistic_l2_c0_3_engineered,1,7564,7399,0.05551394761872433,0.603762427443681
logistic_l2_c1_engineered,0,4334,2707,0.016997794869162,0.4778271028037383
logistic_l2_c1_engineered,1,7564,7399,0.05449695945992696,0.5999990811501899
elastic_net_c0_03_l1r0_25,0,4334,2707,0.021420015821729296,0.6109696261682243
elastic_net_c0_03_l1r0_25,1,7564,7399,0.06281301418241325,0.6276393960793991
elastic_net_c0_1_l1r0_25,0,4334,2707,0.009499134307828335,0.34635514018691593
elastic_net_c0_1_l1r0_25,1,7564,7399,0.057890003278986635,0.6183734520662307
elastic_net_c0_1_l1r0_5,0,4334,2707,0.016062727215611666,0.46693925233644856
elastic_net_c0_1_l1r0_5,1,7564,7399,0.058818039897470406,0.6195469545379367
elastic_net_c0_3_l1r0_5,0,4334,2707,0.0187636797948654,0.5486331775700934
elastic_net_c0_3_l1r0_5,1,7564,7399,0.047886702092462,0.5905939970229267
extra_trees_depth6_leaf10,0,4334,2707,0.02466324902818464,0.49517523364485977
extra_trees_depth6_leaf10,1,7564,7399,0.03967493324321812,0.6285923745966906
extra_trees_depth10_leaf20,0,4334,2707,0.02225198452917139,0.578446261682243
extra_trees_depth10_leaf20,1,7564,7399,0.04505017384822915,0.6526458936601989
extra_trees_unbounded_leaf30,0,4334,2707,0.021065501300500063,0.5699065420560748
extra_trees_unbounded_leaf30,1,7564,7399,0.04286079608458079,0.6430360372895505
random_forest_depth6_leaf10,0,4334,2707,0.027462564167856363,0.5739719626168224
random_forest_depth6_leaf10,1,7564,7399,0.03903001684270355,0.6216780297759843
random_forest_depth10_leaf20,0,4334,2707,0.026235962112206242,0.5772429906542057
random_forest_depth10_leaf20,1,7564,7399,0.0356958867445613,0.6023119573863711
hist_gb_leaves7_leaf20,0,4334,2707,0.018245891233175177,0.5865537383177571
hist_gb_leaves7_leaf20,1,7564,7399,0.03899510010759216,0.6007321920343597
hist_gb_leaves15_leaf20,0,4334,2707,0.016951269166470953,0.5446728971962617
hist_gb_leaves15_leaf20,1,7564,7399,0.03776560382174069,0.5853946197405693
hist_gb_leaves15_leaf40,0,4334,2707,0.015118143395188393,0.532908878504673
hist_gb_leaves15_leaf40,1,7564,7399,0.03865071746083305,0.5999341053421928
rank_average_top2,0,4334,2707,0.021815978829823196,0.5613785046728972
rank_average_top2,1,7564,7399,0.03678195742778704,0.5999104777756483
