schema_version,bundle_id,criteria_id,event_id,replay_date,replay_hour,batch_kind,batch_id,equipment_batch_id,batch_step,time_precision,material_key,equipment_type,equipment_id,charge_id,slab_no,hr_coil_id,ap_prod_id,values_json
sfep-replay-events/v1,@BUNDLE_ID@,@CRITERIA_ID@,sha256:b80d26659b6f6c3ab842b840ce7c8f11eb621ce5292eb14156732c5d91f3c324,2025-01-01,,CAST_DAY,sha256:3cc8574421de7b7f3e7e1bb44f370ab280b114ff37ce8ce199b828da9a724821,,CAST_RECORDED,DAY,sha256:0be5c92fa23c49ff2a32d7948db6928a472d3d50419d227d9751048bab3d6c45,SM_CC,SM1,CH1,2,,,"{""cast_date"":""2025-01-01"",""cc_gubun"":""CC1"",""delta_ferrite"":7.1,""ingre_cr"":18.2,""ingre_ni"":8.1,""ingre_s"":5e-3,""mlac_ratio"":0.92,""slab_grind"":""MISS"",""slab_gubun"":""NORMAL"",""sm_plant"":""SM1"",""steel_grade"":""STS304"",""steel_usage"":""A"",""tundish_temp"":1540}"
sfep-replay-events/v1,@BUNDLE_ID@,@CRITERIA_ID@,sha256:d3b1e46114fbb696c042b30bb54a23540ede1df3c6357f7ad093097042642770,2025-01-01,,CAST_DAY,sha256:3cc8574421de7b7f3e7e1bb44f370ab280b114ff37ce8ce199b828da9a724821,,CAST_RECORDED,DAY,sha256:b313bfca80b92882d529a186bb7fc082e65020c409956481283745421ec1ce5a,SM_CC,SM1,CH1,1,,,"{""cast_date"":""2025-01-01"",""cc_gubun"":""CC1"",""delta_ferrite"":7.1,""ingre_cr"":18.2,""ingre_ni"":8.1,""ingre_s"":5e-3,""mlac_ratio"":0.92,""slab_grind"":""HSHS"",""slab_gubun"":""NORMAL"",""sm_plant"":""SM1"",""steel_grade"":""STS304"",""steel_usage"":""A"",""tundish_temp"":1540}"
sfep-replay-events/v1,@BUNDLE_ID@,@CRITERIA_ID@,sha256:f2f56f73f4ffc5b097715ab55db21d69d9e9f7b6a5380fb20c9bc6813de7eb2b,2025-01-01,7,FURNACE_HOUR,sha256:d53bc4377a4f5e836a419bcb232704e075d96521d9db1b8e4c5b46e238062309,sha256:1340640817fa9ed9011f9bdc49c07e779f3fdf3f3c0190ebf91be7457be2d85a,FURNACE_CHARGED,HOUR_BUCKET,sha256:b313bfca80b92882d529a186bb7fc082e65020c409956481283745421ec1ce5a,FURNACE,1,CH1,1,,,"{""f_jangip_gubun"":""COLD"",""f_jangip_temp"":620,""furnace_no"":""1"",""slab_width"":1200}"
sfep-replay-events/v1,@BUNDLE_ID@,@CRITERIA_ID@,sha256:388d29b03c79cce7a79d69718db99be87a0c86dbcf0cf02d3a556e8f33637a9c,2025-01-01,7,FURNACE_HOUR,sha256:d53bc4377a4f5e836a419bcb232704e075d96521d9db1b8e4c5b46e238062309,sha256:6ccb8bed3c7d6c301766de1dd8aad56f5bd56820c6c0c6b43aa41bc55f3f3e28,FURNACE_CHARGED,HOUR_BUCKET,sha256:0be5c92fa23c49ff2a32d7948db6928a472d3d50419d227d9751048bab3d6c45,FURNACE,2,CH1,2,,,"{""f_jangip_gubun"":""COLD"",""f_jangip_temp"":625,""furnace_no"":""2"",""slab_width"":1200}"
sfep-replay-events/v1,@BUNDLE_ID@,@CRITERIA_ID@,sha256:f2450eb284e2cd823825e91e1183ce99e7a60a3cdef690e8e53463f621fc5560,2025-01-01,7,FURNACE_HOUR,sha256:d53bc4377a4f5e836a419bcb232704e075d96521d9db1b8e4c5b46e238062309,sha256:1340640817fa9ed9011f9bdc49c07e779f3fdf3f3c0190ebf91be7457be2d85a,PREHEAT_COMPLETE,HOUR_BUCKET,sha256:b313bfca80b92882d529a186bb7fc082e65020c409956481283745421ec1ce5a,FURNACE,1,CH1,1,,,"{""f_pre_interval"":40,""f_pre_temp"":1080}"
sfep-replay-events/v1,@BUNDLE_ID@,@CRITERIA_ID@,sha256:de2492fc50868a0b3735bd99d8a0d1452e0d3e1800f38f24d23f496bff3a1f3b,2025-01-01,7,FURNACE_HOUR,sha256:d53bc4377a4f5e836a419bcb232704e075d96521d9db1b8e4c5b46e238062309,sha256:6ccb8bed3c7d6c301766de1dd8aad56f5bd56820c6c0c6b43aa41bc55f3f3e28,PREHEAT_COMPLETE,HOUR_BUCKET,sha256:0be5c92fa23c49ff2a32d7948db6928a472d3d50419d227d9751048bab3d6c45,FURNACE,2,CH1,2,,,"{""f_pre_interval"":41,""f_pre_temp"":1085}"
sfep-replay-events/v1,@BUNDLE_ID@,@CRITERIA_ID@,sha256:50ca5527e117533b3138ba0c506b9c437aa0df6c734dd13bfd8e30bd47f3559c,2025-01-01,7,FURNACE_HOUR,sha256:d53bc4377a4f5e836a419bcb232704e075d96521d9db1b8e4c5b46e238062309,sha256:1340640817fa9ed9011f9bdc49c07e779f3fdf3f3c0190ebf91be7457be2d85a,HEAT_COMPLETE,HOUR_BUCKET,sha256:b313bfca80b92882d529a186bb7fc082e65020c409956481283745421ec1ce5a,FURNACE,1,CH1,1,,,"{""f_heat_interval"":55,""f_heat_temp"":1220}"
sfep-replay-events/v1,@BUNDLE_ID@,@CRITERIA_ID@,sha256:9c9aa09be9cccbda5c5cee7cecc1995a4ac045ebb9e120c7bda9affc2d62d8d5,2025-01-01,7,FURNACE_HOUR,sha256:d53bc4377a4f5e836a419bcb232704e075d96521d9db1b8e4c5b46e238062309,sha256:6ccb8bed3c7d6c301766de1dd8aad56f5bd56820c6c0c6b43aa41bc55f3f3e28,HEAT_COMPLETE,HOUR_BUCKET,sha256:0be5c92fa23c49ff2a32d7948db6928a472d3d50419d227d9751048bab3d6c45,FURNACE,2,CH1,2,,,"{""f_heat_interval"":54,""f_heat_temp"":1225}"
sfep-replay-events/v1,@BUNDLE_ID@,@CRITERIA_ID@,sha256:bacff4563c5671406124549e63b2f11e4780a136274d905cad719d41069579d8,2025-01-01,7,FURNACE_HOUR,sha256:d53bc4377a4f5e836a419bcb232704e075d96521d9db1b8e4c5b46e238062309,sha256:1340640817fa9ed9011f9bdc49c07e779f3fdf3f3c0190ebf91be7457be2d85a,SOAK_COMPLETE,HOUR_BUCKET,sha256:b313bfca80b92882d529a186bb7fc082e65020c409956481283745421ec1ce5a,FURNACE,1,CH1,1,,,"{""f_sock_interval"":30,""f_sock_temp"":1240}"
sfep-replay-events/v1,@BUNDLE_ID@,@CRITERIA_ID@,sha256:ad7737683b42be2132ed01834b125dd32ebe83192ae96188e99127d44d7b2fda,2025-01-01,7,FURNACE_HOUR,sha256:d53bc4377a4f5e836a419bcb232704e075d96521d9db1b8e4c5b46e238062309,sha256:6ccb8bed3c7d6c301766de1dd8aad56f5bd56820c6c0c6b43aa41bc55f3f3e28,SOAK_COMPLETE,HOUR_BUCKET,sha256:0be5c92fa23c49ff2a32d7948db6928a472d3d50419d227d9751048bab3d6c45,FURNACE,2,CH1,2,,,"{""f_sock_interval"":31,""f_sock_temp"":1245}"
sfep-replay-events/v1,@BUNDLE_ID@,@CRITERIA_ID@,sha256:5deda2f5b3008b4fe587a40b087df829cab8af27c599db401199a3f44243aa90,2025-01-01,7,FURNACE_HOUR,sha256:d53bc4377a4f5e836a419bcb232704e075d96521d9db1b8e4c5b46e238062309,sha256:1340640817fa9ed9011f9bdc49c07e779f3fdf3f3c0190ebf91be7457be2d85a,FURNACE_EXTRACTED,HOUR_BUCKET,sha256:b313bfca80b92882d529a186bb7fc082e65020c409956481283745421ec1ce5a,FURNACE,1,CH1,1,,,"{""f_bfg"":100,""f_bfg_ratio"":0.6666666666666666,""f_cog"":30,""f_cog_ratio"":0.2,""f_ext_date"":""2025-01-01"",""f_ext_time"":7,""f_ldg"":20,""f_ldg_ratio"":0.13333333333333332}"
sfep-replay-events/v1,@BUNDLE_ID@,@CRITERIA_ID@,sha256:2603052ae2e584d29f44d8532e884da379ca927ab3a0927f94cf98d79e61718c,2025-01-01,7,FURNACE_HOUR,sha256:d53bc4377a4f5e836a419bcb232704e075d96521d9db1b8e4c5b46e238062309,sha256:6ccb8bed3c7d6c301766de1dd8aad56f5bd56820c6c0c6b43aa41bc55f3f3e28,FURNACE_EXTRACTED,HOUR_BUCKET,sha256:0be5c92fa23c49ff2a32d7948db6928a472d3d50419d227d9751048bab3d6c45,FURNACE,2,CH1,2,,,"{""f_bfg"":102,""f_bfg_ratio"":0.6666666666666666,""f_cog"":31,""f_cog_ratio"":0.20261437908496731,""f_ext_date"":""2025-01-01"",""f_ext_time"":7,""f_ldg"":20,""f_ldg_ratio"":0.13071895424836601}"
sfep-replay-events/v1,@BUNDLE_ID@,@CRITERIA_ID@,sha256:06f9c3cf2f4fa80df06c5998e191809e1b6d6520431e3af947809eeb81f89e06,2025-01-01,7,FURNACE_HOUR,sha256:d53bc4377a4f5e836a419bcb232704e075d96521d9db1b8e4c5b46e238062309,,RM4_RECORDED,SEQUENCE_ONLY,sha256:0be5c92fa23c49ff2a32d7948db6928a472d3d50419d227d9751048bab3d6c45,RM4,RM4_PROCESS,CH1,2,H002,,"{""hr_date"":""2025-01-01"",""hr_thick"":3.1,""hr_width"":1210,""rm4_temp"":1045,""rm_pitch"":2.2}"
sfep-replay-events/v1,@BUNDLE_ID@,@CRITERIA_ID@,sha256:b704355b6ab1b10ab03715ea882c0e60499e39fa30dfa14ebf13872575c15766,2025-01-01,7,FURNACE_HOUR,sha256:d53bc4377a4f5e836a419bcb232704e075d96521d9db1b8e4c5b46e238062309,,RM4_RECORDED,SEQUENCE_ONLY,sha256:b313bfca80b92882d529a186bb7fc082e65020c409956481283745421ec1ce5a,RM4,RM4_PROCESS,CH1,1,H001,,"{""hr_date"":""2025-01-01"",""hr_thick"":3,""hr_width"":1210,""rm4_temp"":1040,""rm_pitch"":2.1}"
sfep-replay-events/v1,@BUNDLE_ID@,@CRITERIA_ID@,sha256:c4dc5b40d5174c2f9d74ad12d9f8c1d401f2e257e30a48c059a0b7931ece59bf,2025-01-02,,CAST_DAY,sha256:fb30b012762de8a95be0ee85e2a7ea3920967ac7dc26ec048a3bf6081392f327,,CAST_RECORDED,DAY,sha256:4dec341137fb0c155f8e07e450545eaf196a67ccdb35f5e3fc9b84abc76479a5,SM_CC,SM1,CH2,1,,,"{""cast_date"":""2025-01-02"",""cc_gubun"":""CC1"",""delta_ferrite"":7,""ingre_cr"":18.3,""ingre_ni"":8,""ingre_s"":6e-3,""mlac_ratio"":0.93,""slab_grind"":""MPMP"",""slab_gubun"":""NORMAL"",""sm_plant"":""SM1"",""steel_grade"":""STS304"",""steel_usage"":""A"",""tundish_temp"":1545}"
sfep-replay-events/v1,@BUNDLE_ID@,@CRITERIA_ID@,sha256:6a206a7b4fbf8f3d923792c135fd81f39ac371d8faf2db6cab7b4fed854d6e35,2025-01-02,,CAST_DAY,sha256:fb30b012762de8a95be0ee85e2a7ea3920967ac7dc26ec048a3bf6081392f327,,CAST_RECORDED,DAY,sha256:7423a9931c99172b0e2866033c1f0ea19ab53efe726110907b5afd2bcb6274ce,SM_CC,SM1,CH2,2,,,"{""cast_date"":""2025-01-02"",""cc_gubun"":""CC1"",""delta_ferrite"":7,""ingre_cr"":18.3,""ingre_ni"":8,""ingre_s"":6e-3,""mlac_ratio"":0.93,""slab_grind"":""MSMS"",""slab_gubun"":""NORMAL"",""sm_plant"":""SM1"",""steel_grade"":""STS304"",""steel_usage"":""A"",""tundish_temp"":1545}"
sfep-replay-events/v1,@BUNDLE_ID@,@CRITERIA_ID@,sha256:6924e899d9dadba92ecc97b4233d95ed5c81d9f444f55bf6a95b4a62fa790bd6,2025-01-02,8,FURNACE_HOUR,sha256:594a497c5f955fb414838ea2e246915a94424f416f6cdf47506ffc3d747bbe9b,sha256:43fc667764b12b222a529bfe74f2dceb8d662af06e36658964ba829b1cfbc80c,FURNACE_CHARGED,HOUR_BUCKET,sha256:4dec341137fb0c155f8e07e450545eaf196a67ccdb35f5e3fc9b84abc76479a5,FURNACE,3,CH2,1,,,"{""f_jangip_gubun"":""HOT"",""f_jangip_temp"":700,""furnace_no"":""3"",""slab_width"":1250}"
sfep-replay-events/v1,@BUNDLE_ID@,@CRITERIA_ID@,sha256:6aaac2f0977589c602375d4c9b7608ab12096fd7150ae14ba6889e817d54ba80,2025-01-02,8,FURNACE_HOUR,sha256:594a497c5f955fb414838ea2e246915a94424f416f6cdf47506ffc3d747bbe9b,sha256:c612e1ddc40f2c3d855a8ffff7e72d2b8cceadb14c9372314801846b4ef8a991,FURNACE_CHARGED,HOUR_BUCKET,sha256:7423a9931c99172b0e2866033c1f0ea19ab53efe726110907b5afd2bcb6274ce,FURNACE,4,CH2,2,,,"{""f_jangip_gubun"":""HOT"",""f_jangip_temp"":705,""furnace_no"":""4"",""slab_width"":1250}"
sfep-replay-events/v1,@BUNDLE_ID@,@CRITERIA_ID@,sha256:0508f3a667b13da07763393e9ade7f2ea2c1bc31c14e1b2ca92d646b748de4ab,2025-01-02,8,FURNACE_HOUR,sha256:594a497c5f955fb414838ea2e246915a94424f416f6cdf47506ffc3d747bbe9b,sha256:43fc667764b12b222a529bfe74f2dceb8d662af06e36658964ba829b1cfbc80c,PREHEAT_COMPLETE,HOUR_BUCKET,sha256:4dec341137fb0c155f8e07e450545eaf196a67ccdb35f5e3fc9b84abc76479a5,FURNACE,3,CH2,1,,,"{""f_pre_interval"":38,""f_pre_temp"":1100}"
sfep-replay-events/v1,@BUNDLE_ID@,@CRITERIA_ID@,sha256:8c1d2508d4e771dc78c3ec9fc2ed8170be649df11f16568db6d85347c4343a1d,2025-01-02,8,FURNACE_HOUR,sha256:594a497c5f955fb414838ea2e246915a94424f416f6cdf47506ffc3d747bbe9b,sha256:c612e1ddc40f2c3d855a8ffff7e72d2b8cceadb14c9372314801846b4ef8a991,PREHEAT_COMPLETE,HOUR_BUCKET,sha256:7423a9931c99172b0e2866033c1f0ea19ab53efe726110907b5afd2bcb6274ce,FURNACE,4,CH2,2,,,"{""f_pre_interval"":39,""f_pre_temp"":1105}"
sfep-replay-events/v1,@BUNDLE_ID@,@CRITERIA_ID@,sha256:341e3576eb42df41f8fbd09939105b4c3de3954d8f97e0b85e7215e01cdfb2c5,2025-01-02,8,FURNACE_HOUR,sha256:594a497c5f955fb414838ea2e246915a94424f416f6cdf47506ffc3d747bbe9b,sha256:43fc667764b12b222a529bfe74f2dceb8d662af06e36658964ba829b1cfbc80c,HEAT_COMPLETE,HOUR_BUCKET,sha256:4dec341137fb0c155f8e07e450545eaf196a67ccdb35f5e3fc9b84abc76479a5,FURNACE,3,CH2,1,,,"{""f_heat_interval"":52,""f_heat_temp"":1230}"
sfep-replay-events/v1,@BUNDLE_ID@,@CRITERIA_ID@,sha256:069e7c67739aa7c8c0b9ca9a91b323ffb4492966a9032ce40432ed7705a300f9,2025-01-02,8,FURNACE_HOUR,sha256:594a497c5f955fb414838ea2e246915a94424f416f6cdf47506ffc3d747bbe9b,sha256:c612e1ddc40f2c3d855a8ffff7e72d2b8cceadb14c9372314801846b4ef8a991,HEAT_COMPLETE,HOUR_BUCKET,sha256:7423a9931c99172b0e2866033c1f0ea19ab53efe726110907b5afd2bcb6274ce,FURNACE,4,CH2,2,,,"{""f_heat_interval"":53,""f_heat_temp"":1235}"
sfep-replay-events/v1,@BUNDLE_ID@,@CRITERIA_ID@,sha256:681c70e2a006a5c53fc52fea9127152808c848aaeccd1eec13c9758728220194,2025-01-02,8,FURNACE_HOUR,sha256:594a497c5f955fb414838ea2e246915a94424f416f6cdf47506ffc3d747bbe9b,sha256:43fc667764b12b222a529bfe74f2dceb8d662af06e36658964ba829b1cfbc80c,SOAK_COMPLETE,HOUR_BUCKET,sha256:4dec341137fb0c155f8e07e450545eaf196a67ccdb35f5e3fc9b84abc76479a5,FURNACE,3,CH2,1,,,"{""f_sock_interval"":29,""f_sock_temp"":1250}"
sfep-replay-events/v1,@BUNDLE_ID@,@CRITERIA_ID@,sha256:3bca15adf9a35fa5e29740ae3aa800c5bc0dbd620a8e6cdffbd3b9ee860f2a6d,2025-01-02,8,FURNACE_HOUR,sha256:594a497c5f955fb414838ea2e246915a94424f416f6cdf47506ffc3d747bbe9b,sha256:c612e1ddc40f2c3d855a8ffff7e72d2b8cceadb14c9372314801846b4ef8a991,SOAK_COMPLETE,HOUR_BUCKET,sha256:7423a9931c99172b0e2866033c1f0ea19ab53efe726110907b5afd2bcb6274ce,FURNACE,4,CH2,2,,,"{""f_sock_interval"":28,""f_sock_temp"":1255}"
sfep-replay-events/v1,@BUNDLE_ID@,@CRITERIA_ID@,sha256:4f1fe51b9bcb20ef8fdb31c1b4d9b1dd2cb6cf90482ca7606797c3508e7a4266,2025-01-02,8,FURNACE_HOUR,sha256:594a497c5f955fb414838ea2e246915a94424f416f6cdf47506ffc3d747bbe9b,sha256:43fc667764b12b222a529bfe74f2dceb8d662af06e36658964ba829b1cfbc80c,FURNACE_EXTRACTED,HOUR_BUCKET,sha256:4dec341137fb0c155f8e07e450545eaf196a67ccdb35f5e3fc9b84abc76479a5,FURNACE,3,CH2,1,,,"{""f_bfg"":98,""f_bfg_ratio"":0.6447368421052632,""f_cog"":32,""f_cog_ratio"":0.21052631578947366,""f_ext_date"":""2025-01-02"",""f_ext_time"":8,""f_ldg"":22,""f_ldg_ratio"":0.14473684210526315}"
sfep-replay-events/v1,@BUNDLE_ID@,@CRITERIA_ID@,sha256:9e2d7f80f9e5926db3fbcee3649795672c6ea1178c32abc40e00a85e3085838b,2025-01-02,8,FURNACE_HOUR,sha256:594a497c5f955fb414838ea2e246915a94424f416f6cdf47506ffc3d747bbe9b,sha256:c612e1ddc40f2c3d855a8ffff7e72d2b8cceadb14c9372314801846b4ef8a991,FURNACE_EXTRACTED,HOUR_BUCKET,sha256:7423a9931c99172b0e2866033c1f0ea19ab53efe726110907b5afd2bcb6274ce,FURNACE,4,CH2,2,,,"{""f_bfg"":99,""f_bfg_ratio"":0.6470588235294118,""f_cog"":33,""f_cog_ratio"":0.21568627450980392,""f_ext_date"":""2025-01-02"",""f_ext_time"":8,""f_ldg"":21,""f_ldg_ratio"":0.13725490196078432}"
sfep-replay-events/v1,@BUNDLE_ID@,@CRITERIA_ID@,sha256:041522553a2cee587656196adb8866344d23f121d7455d80bee518f41568a397,2025-01-02,8,FURNACE_HOUR,sha256:594a497c5f955fb414838ea2e246915a94424f416f6cdf47506ffc3d747bbe9b,,RM4_RECORDED,SEQUENCE_ONLY,sha256:4dec341137fb0c155f8e07e450545eaf196a67ccdb35f5e3fc9b84abc76479a5,RM4,RM4_PROCESS,CH2,1,H003,,"{""hr_date"":""2025-01-02"",""hr_thick"":3,""hr_width"":1260,""rm4_temp"":1050,""rm_pitch"":2}"
sfep-replay-events/v1,@BUNDLE_ID@,@CRITERIA_ID@,sha256:8d955b23ab6d444cd8e6a1ca704466d19ba212e59d88cb0015b84d920d689605,2025-01-02,8,FURNACE_HOUR,sha256:594a497c5f955fb414838ea2e246915a94424f416f6cdf47506ffc3d747bbe9b,,RM4_RECORDED,SEQUENCE_ONLY,sha256:7423a9931c99172b0e2866033c1f0ea19ab53efe726110907b5afd2bcb6274ce,RM4,RM4_PROCESS,CH2,2,H004,,"{""hr_date"":""2025-01-02"",""hr_thick"":3.2,""hr_width"":1260,""rm4_temp"":1055,""rm_pitch"":2.3}"
sfep-replay-events/v1,@BUNDLE_ID@,@CRITERIA_ID@,sha256:7b2f81ad9c806df0dd1d06ee89c63c32093fbdb4a0bf4b8dfd8e90aa9e2e9d52,2025-01-03,,CAST_DAY,sha256:456da7d99afd223b6b084409acaaafe0dad6548e245f84e4b6de7b2122fbe36e,,CAST_RECORDED,DAY,sha256:2bf9644435eef33c94ccb24627b20b89073833b5659a9b02b8aca311589f9471,SM_CC,SM2,CH3,2,,,"{""cast_date"":""2025-01-03"",""cc_gubun"":""CC2"",""delta_ferrite"":5.2,""ingre_cr"":16.5,""ingre_ni"":10.1,""ingre_s"":4e-3,""mlac_ratio"":0.89,""slab_grind"":""HS"",""slab_gubun"":""GROUND"",""sm_plant"":""SM2"",""steel_grade"":""STS316"",""steel_usage"":""B"",""tundish_temp"":1530}"
sfep-replay-events/v1,@BUNDLE_ID@,@CRITERIA_ID@,sha256:85f7b60f101d37da4465f7a2482db895516741487ca8ea1efc9f81b28c6661eb,2025-01-03,,CAST_DAY,sha256:456da7d99afd223b6b084409acaaafe0dad6548e245f84e4b6de7b2122fbe36e,,CAST_RECORDED,DAY,sha256:c51ab0d3a1baea29ad03b1e617ebec46ca635b3ba6cf930a90d0ab649a8c45e2,SM_CC,SM2,CH3,1,,,"{""cast_date"":""2025-01-03"",""cc_gubun"":""CC2"",""delta_ferrite"":5.2,""ingre_cr"":16.5,""ingre_ni"":10.1,""ingre_s"":4e-3,""mlac_ratio"":0.89,""slab_grind"":""MP"",""slab_gubun"":""GROUND"",""sm_plant"":""SM2"",""steel_grade"":""STS316"",""steel_usage"":""B"",""tundish_temp"":1530}"
sfep-replay-events/v1,@BUNDLE_ID@,@CRITERIA_ID@,sha256:4bf8a1c482b4af2034ab04e2d6cab1a7dd10d35397ea46cc72acf8dc4570630a,2025-01-03,9,FURNACE_HOUR,sha256:b607ae97ccaf45ead6d8f711e5d23d02c5c87041bc3e6f6ad4c66663c216a5ba,sha256:68354ce39c342f6ca226955f9a2b0b53f01dc7ab31caa71b6e85e95e8ab1aa8e,FURNACE_CHARGED,HOUR_BUCKET,sha256:c51ab0d3a1baea29ad03b1e617ebec46ca635b3ba6cf930a90d0ab649a8c45e2,FURNACE,1,CH3,1,,,"{""f_jangip_gubun"":""COLD"",""f_jangip_temp"":615,""furnace_no"":""1"",""slab_width"":1300}"
sfep-replay-events/v1,@BUNDLE_ID@,@CRITERIA_ID@,sha256:02099150e2152f1f12501858667efe4ef05b2d7893abf0e21080163b6fcd1ba2,2025-01-03,9,FURNACE_HOUR,sha256:b607ae97ccaf45ead6d8f711e5d23d02c5c87041bc3e6f6ad4c66663c216a5ba,sha256:f48dce13fc1cab48ea311ea640f001987c5c1a77180b4b2953ced492b204c52e,FURNACE_CHARGED,HOUR_BUCKET,sha256:2bf9644435eef33c94ccb24627b20b89073833b5659a9b02b8aca311589f9471,FURNACE,2,CH3,2,,,"{""f_jangip_gubun"":""COLD"",""f_jangip_temp"":618,""furnace_no"":""2"",""slab_width"":1300}"
sfep-replay-events/v1,@BUNDLE_ID@,@CRITERIA_ID@,sha256:48e04a5a66503bfbb7d15aa957fd1de2c2e0193bbd1fe514ba0c4e06d00e0fdb,2025-01-03,9,FURNACE_HOUR,sha256:b607ae97ccaf45ead6d8f711e5d23d02c5c87041bc3e6f6ad4c66663c216a5ba,sha256:68354ce39c342f6ca226955f9a2b0b53f01dc7ab31caa71b6e85e95e8ab1aa8e,PREHEAT_COMPLETE,HOUR_BUCKET,sha256:c51ab0d3a1baea29ad03b1e617ebec46ca635b3ba6cf930a90d0ab649a8c45e2,FURNACE,1,CH3,1,,,"{""f_pre_interval"":42,""f_pre_temp"":1075}"
sfep-replay-events/v1,@BUNDLE_ID@,@CRITERIA_ID@,sha256:2c38b00015854868e25a85d696e746d97839996a8511676f9f6f0e9a5cc13ef9,2025-01-03,9,FURNACE_HOUR,sha256:b607ae97ccaf45ead6d8f711e5d23d02c5c87041bc3e6f6ad4c66663c216a5ba,sha256:f48dce13fc1cab48ea311ea640f001987c5c1a77180b4b2953ced492b204c52e,PREHEAT_COMPLETE,HOUR_BUCKET,sha256:2bf9644435eef33c94ccb24627b20b89073833b5659a9b02b8aca311589f9471,FURNACE,2,CH3,2,,,"{""f_pre_interval"":43,""f_pre_temp"":1078}"
sfep-replay-events/v1,@BUNDLE_ID@,@CRITERIA_ID@,sha256:0fe9fa7259e84f997cd9b64fb9a437e555c50cfc6f22dba5359e9accf485b096,2025-01-03,9,FURNACE_HOUR,sha256:b607ae97ccaf45ead6d8f711e5d23d02c5c87041bc3e6f6ad4c66663c216a5ba,sha256:68354ce39c342f6ca226955f9a2b0b53f01dc7ab31caa71b6e85e95e8ab1aa8e,HEAT_COMPLETE,HOUR_BUCKET,sha256:c51ab0d3a1baea29ad03b1e617ebec46ca635b3ba6cf930a90d0ab649a8c45e2,FURNACE,1,CH3,1,,,"{""f_heat_interval"":56,""f_heat_temp"":1215}"
sfep-replay-events/v1,@BUNDLE_ID@,@CRITERIA_ID@,sha256:22b31919eab3ff83f749f438a4d52a71b893b0a945766b2ccaf82c6da819c4f4,2025-01-03,9,FURNACE_HOUR,sha256:b607ae97ccaf45ead6d8f711e5d23d02c5c87041bc3e6f6ad4c66663c216a5ba,sha256:f48dce13fc1cab48ea311ea640f001987c5c1a77180b4b2953ced492b204c52e,HEAT_COMPLETE,HOUR_BUCKET,sha256:2bf9644435eef33c94ccb24627b20b89073833b5659a9b02b8aca311589f9471,FURNACE,2,CH3,2,,,"{""f_heat_interval"":57,""f_heat_temp"":1218}"
sfep-replay-events/v1,@BUNDLE_ID@,@CRITERIA_ID@,sha256:9650dd069b7148ec76fa2316d0240b99739d61fe67df376ff88512bbd70d081f,2025-01-03,9,FURNACE_HOUR,sha256:b607ae97ccaf45ead6d8f711e5d23d02c5c87041bc3e6f6ad4c66663c216a5ba,sha256:68354ce39c342f6ca226955f9a2b0b53f01dc7ab31caa71b6e85e95e8ab1aa8e,SOAK_COMPLETE,HOUR_BUCKET,sha256:c51ab0d3a1baea29ad03b1e617ebec46ca635b3ba6cf930a90d0ab649a8c45e2,FURNACE,1,CH3,1,,,"{""f_sock_interval"":32,""f_sock_temp"":1235}"
sfep-replay-events/v1,@BUNDLE_ID@,@CRITERIA_ID@,sha256:ecbd9c768d74abf4d96355d9abd623c6e75ed0374b78c1cc61b39b187337cc3c,2025-01-03,9,FURNACE_HOUR,sha256:b607ae97ccaf45ead6d8f711e5d23d02c5c87041bc3e6f6ad4c66663c216a5ba,sha256:f48dce13fc1cab48ea311ea640f001987c5c1a77180b4b2953ced492b204c52e,SOAK_COMPLETE,HOUR_BUCKET,sha256:2bf9644435eef33c94ccb24627b20b89073833b5659a9b02b8aca311589f9471,FURNACE,2,CH3,2,,,"{""f_sock_interval"":33,""f_sock_temp"":1238}"
sfep-replay-events/v1,@BUNDLE_ID@,@CRITERIA_ID@,sha256:b8d762ebf46d08be5d3229230476e5e716b7354e5caa1b70e0ec83952768d59a,2025-01-03,9,FURNACE_HOUR,sha256:b607ae97ccaf45ead6d8f711e5d23d02c5c87041bc3e6f6ad4c66663c216a5ba,sha256:68354ce39c342f6ca226955f9a2b0b53f01dc7ab31caa71b6e85e95e8ab1aa8e,FURNACE_EXTRACTED,HOUR_BUCKET,sha256:c51ab0d3a1baea29ad03b1e617ebec46ca635b3ba6cf930a90d0ab649a8c45e2,FURNACE,1,CH3,1,,,"{""f_bfg"":105,""f_bfg_ratio"":0.695364238410596,""f_cog"":28,""f_cog_ratio"":0.18543046357615893,""f_ext_date"":""2025-01-03"",""f_ext_time"":9,""f_ldg"":18,""f_ldg_ratio"":0.11920529801324503}"
sfep-replay-events/v1,@BUNDLE_ID@,@CRITERIA_ID@,sha256:e1bdbd3634845db1e6a9ad452848aca056a34d7c71d29ab0bd2fd6b0452baef2,2025-01-03,9,FURNACE_HOUR,sha256:b607ae97ccaf45ead6d8f711e5d23d02c5c87041bc3e6f6ad4c66663c216a5ba,sha256:f48dce13fc1cab48ea311ea640f001987c5c1a77180b4b2953ced492b204c52e,FURNACE_EXTRACTED,HOUR_BUCKET,sha256:2bf9644435eef33c94ccb24627b20b89073833b5659a9b02b8aca311589f9471,FURNACE,2,CH3,2,,,"{""f_bfg"":106,""f_bfg_ratio"":0.6883116883116883,""f_cog"":29,""f_cog_ratio"":0.18831168831168831,""f_ext_date"":""2025-01-03"",""f_ext_time"":9,""f_ldg"":19,""f_ldg_ratio"":0.12337662337662337}"
sfep-replay-events/v1,@BUNDLE_ID@,@CRITERIA_ID@,sha256:affb4135fe4b5fa82a2a0df7d412d0acf2077f9cfb69b69fc007b9371997bb1d,2025-01-03,9,FURNACE_HOUR,sha256:b607ae97ccaf45ead6d8f711e5d23d02c5c87041bc3e6f6ad4c66663c216a5ba,,RM4_RECORDED,SEQUENCE_ONLY,sha256:2bf9644435eef33c94ccb24627b20b89073833b5659a9b02b8aca311589f9471,RM4,RM4_PROCESS,CH3,2,H006,,"{""hr_date"":""2025-01-03"",""hr_thick"":4.1,""hr_width"":1310,""rm4_temp"":1038,""rm_pitch"":2.5}"
sfep-replay-events/v1,@BUNDLE_ID@,@CRITERIA_ID@,sha256:2e5101eaf54eadfdad4cc7c438784a3eab3ce0d8dd22a4311894fc33ebcd69ed,2025-01-03,9,FURNACE_HOUR,sha256:b607ae97ccaf45ead6d8f711e5d23d02c5c87041bc3e6f6ad4c66663c216a5ba,,RM4_RECORDED,SEQUENCE_ONLY,sha256:c51ab0d3a1baea29ad03b1e617ebec46ca635b3ba6cf930a90d0ab649a8c45e2,RM4,RM4_PROCESS,CH3,1,H005,,"{""hr_date"":""2025-01-03"",""hr_thick"":4,""hr_width"":1310,""rm4_temp"":1035,""rm_pitch"":2.4}"
sfep-replay-events/v1,@BUNDLE_ID@,@CRITERIA_ID@,sha256:7da60bb5072673919df3129f2a203bb6fe11a97aa33ab871ff86d4ea6f1e7697,2025-01-04,,CAST_DAY,sha256:7a9c23727d41431cf34e840d4563643b35cf350ea3315d944eab01954388af90,,CAST_RECORDED,DAY,sha256:5f9426e810e782392bf22850d664df28df23f22f53925a9bb7d7fcd1d19f15a6,SM_CC,SM2,CH4,2,,,"{""cast_date"":""2025-01-04"",""cc_gubun"":""CC2"",""delta_ferrite"":5.4,""ingre_cr"":16.7,""ingre_ni"":10,""ingre_s"":5e-3,""mlac_ratio"":0.9,""slab_grind"":""HSHS"",""slab_gubun"":""NORMAL"",""sm_plant"":""SM2"",""steel_grade"":""STS316"",""steel_usage"":""B"",""tundish_temp"":1535}"
sfep-replay-events/v1,@BUNDLE_ID@,@CRITERIA_ID@,sha256:7e693035c2d1d513cfa880fd795a2d8e02d52e5a8533e57aa9462df6f628ae58,2025-01-04,,CAST_DAY,sha256:7a9c23727d41431cf34e840d4563643b35cf350ea3315d944eab01954388af90,,CAST_RECORDED,DAY,sha256:a5c7eee0ad3a2c100999b028b8f309ee39ac136b5b6d3e6bc82288ef209ec5b7,SM_CC,SM2,CH4,1,,,"{""cast_date"":""2025-01-04"",""cc_gubun"":""CC2"",""delta_ferrite"":5.4,""ingre_cr"":16.7,""ingre_ni"":10,""ingre_s"":5e-3,""mlac_ratio"":0.9,""slab_grind"":""MSHS"",""slab_gubun"":""NORMAL"",""sm_plant"":""SM2"",""steel_grade"":""STS316"",""steel_usage"":""B"",""tundish_temp"":1535}"
sfep-replay-events/v1,@BUNDLE_ID@,@CRITERIA_ID@,sha256:7c8a21418cc6540385db4b600890f954eb8ca36832e924a4c24a8b41707e351f,2025-01-04,10,FURNACE_HOUR,sha256:b15017c60eb7b84133a04417586ab01c4232c28ecbd46abec59973bc8b6e63f0,sha256:6dbea875e8c54fb8707b7517fef87b69eaf94fc9c7804963a3c51ff31dd6b3ec,FURNACE_CHARGED,HOUR_BUCKET,sha256:a5c7eee0ad3a2c100999b028b8f309ee39ac136b5b6d3e6bc82288ef209ec5b7,FURNACE,3,CH4,1,,,"{""f_jangip_gubun"":""HOT"",""f_jangip_temp"":710,""furnace_no"":""3"",""slab_width"":1350}"
sfep-replay-events/v1,@BUNDLE_ID@,@CRITERIA_ID@,sha256:3cda82b41cdaa20bdc5e5ee832a12889e3458c2fb88055a3906e767ec2ccd1ba,2025-01-04,10,FURNACE_HOUR,sha256:b15017c60eb7b84133a04417586ab01c4232c28ecbd46abec59973bc8b6e63f0,sha256:a46567c64476c08b73fc0c6bb13854cc263dd5f454ddd39e13a0b70c0c7a2f4e,FURNACE_CHARGED,HOUR_BUCKET,sha256:5f9426e810e782392bf22850d664df28df23f22f53925a9bb7d7fcd1d19f15a6,FURNACE,4,CH4,2,,,"{""f_jangip_gubun"":""HOT"",""f_jangip_temp"":715,""furnace_no"":""4"",""slab_width"":1350}"
sfep-replay-events/v1,@BUNDLE_ID@,@CRITERIA_ID@,sha256:c75a7b926aaf443e6b82c1cc8bc178ec09796fd9e91cd9f4775466991528bf09,2025-01-04,10,FURNACE_HOUR,sha256:b15017c60eb7b84133a04417586ab01c4232c28ecbd46abec59973bc8b6e63f0,sha256:6dbea875e8c54fb8707b7517fef87b69eaf94fc9c7804963a3c51ff31dd6b3ec,PREHEAT_COMPLETE,HOUR_BUCKET,sha256:a5c7eee0ad3a2c100999b028b8f309ee39ac136b5b6d3e6bc82288ef209ec5b7,FURNACE,3,CH4,1,,,"{""f_pre_interval"":37,""f_pre_temp"":1110}"
sfep-replay-events/v1,@BUNDLE_ID@,@CRITERIA_ID@,sha256:2ebb4f82c2299696628c84cf57bb173fa51cbcd96423e81b4fa131ff9c63bf99,2025-01-04,10,FURNACE_HOUR,sha256:b15017c60eb7b84133a04417586ab01c4232c28ecbd46abec59973bc8b6e63f0,sha256:a46567c64476c08b73fc0c6bb13854cc263dd5f454ddd39e13a0b70c0c7a2f4e,PREHEAT_COMPLETE,HOUR_BUCKET,sha256:5f9426e810e782392bf22850d664df28df23f22f53925a9bb7d7fcd1d19f15a6,FURNACE,4,CH4,2,,,"{""f_pre_interval"":36,""f_pre_temp"":1115}"
sfep-replay-events/v1,@BUNDLE_ID@,@CRITERIA_ID@,sha256:92429ecb103c9080144e0ac34d36788b6128160633849882f03f52bcaba681c9,2025-01-04,10,FURNACE_HOUR,sha256:b15017c60eb7b84133a04417586ab01c4232c28ecbd46abec59973bc8b6e63f0,sha256:6dbea875e8c54fb8707b7517fef87b69eaf94fc9c7804963a3c51ff31dd6b3ec,HEAT_COMPLETE,HOUR_BUCKET,sha256:a5c7eee0ad3a2c100999b028b8f309ee39ac136b5b6d3e6bc82288ef209ec5b7,FURNACE,3,CH4,1,,,"{""f_heat_interval"":50,""f_heat_temp"":1240}"
sfep-replay-events/v1,@BUNDLE_ID@,@CRITERIA_ID@,sha256:8a4250521a3590a27c279056135ef5db294a4cd3d88c11ad251dca64fe182a9a,2025-01-04,10,FURNACE_HOUR,sha256:b15017c60eb7b84133a04417586ab01c4232c28ecbd46abec59973bc8b6e63f0,sha256:a46567c64476c08b73fc0c6bb13854cc263dd5f454ddd39e13a0b70c0c7a2f4e,HEAT_COMPLETE,HOUR_BUCKET,sha256:5f9426e810e782392bf22850d664df28df23f22f53925a9bb7d7fcd1d19f15a6,FURNACE,4,CH4,2,,,"{""f_heat_interval"":49,""f_heat_temp"":1245}"
sfep-replay-events/v1,@BUNDLE_ID@,@CRITERIA_ID@,sha256:f7c6229f931ce8e604af65575d403761a74d7bcceb664e55e1c1fb1b1aa47340,2025-01-04,10,FURNACE_HOUR,sha256:b15017c60eb7b84133a04417586ab01c4232c28ecbd46abec59973bc8b6e63f0,sha256:6dbea875e8c54fb8707b7517fef87b69eaf94fc9c7804963a3c51ff31dd6b3ec,SOAK_COMPLETE,HOUR_BUCKET,sha256:a5c7eee0ad3a2c100999b028b8f309ee39ac136b5b6d3e6bc82288ef209ec5b7,FURNACE,3,CH4,1,,,"{""f_sock_interval"":27,""f_sock_temp"":1260}"
sfep-replay-events/v1,@BUNDLE_ID@,@CRITERIA_ID@,sha256:6f3f524ecc9ff3b73ecc399ebfabab42bbdbb8a2c8c411ffb8f7e3f61f03ed42,2025-01-04,10,FURNACE_HOUR,sha256:b15017c60eb7b84133a04417586ab01c4232c28ecbd46abec59973bc8b6e63f0,sha256:a46567c64476c08b73fc0c6bb13854cc263dd5f454ddd39e13a0b70c0c7a2f4e,SOAK_COMPLETE,HOUR_BUCKET,sha256:5f9426e810e782392bf22850d664df28df23f22f53925a9bb7d7fcd1d19f15a6,FURNACE,4,CH4,2,,,"{""f_sock_interval"":26,""f_sock_temp"":1265}"
sfep-replay-events/v1,@BUNDLE_ID@,@CRITERIA_ID@,sha256:9dd6ab51e94a2b9173e6b44c90be5330d5c29c37fa5de45e7300775733ed3edc,2025-01-04,10,FURNACE_HOUR,sha256:b15017c60eb7b84133a04417586ab01c4232c28ecbd46abec59973bc8b6e63f0,sha256:6dbea875e8c54fb8707b7517fef87b69eaf94fc9c7804963a3c51ff31dd6b3ec,FURNACE_EXTRACTED,HOUR_BUCKET,sha256:a5c7eee0ad3a2c100999b028b8f309ee39ac136b5b6d3e6bc82288ef209ec5b7,FURNACE,3,CH4,1,,,"{""f_bfg"":95,""f_bfg_ratio"":0.6129032258064516,""f_cog"":35,""f_cog_ratio"":0.22580645161290321,""f_ext_date"":""2025-01-04"",""f_ext_time"":10,""f_ldg"":25,""f_ldg_ratio"":0.16129032258064515}"
sfep-replay-events/v1,@BUNDLE_ID@,@CRITERIA_ID@,sha256:455c3f35b20650be7f0ad1fc0acd9ae0c49e544225e848432ad05adefdafd7d8,2025-01-04,10,FURNACE_HOUR,sha256:b15017c60eb7b84133a04417586ab01c4232c28ecbd46abec59973bc8b6e63f0,sha256:a46567c64476c08b73fc0c6bb13854cc263dd5f454ddd39e13a0b70c0c7a2f4e,FURNACE_EXTRACTED,HOUR_BUCKET,sha256:5f9426e810e782392bf22850d664df28df23f22f53925a9bb7d7fcd1d19f15a6,FURNACE,4,CH4,2,,,"{""f_bfg"":94,""f_bfg_ratio"":0.6025641025641025,""f_cog"":36,""f_cog_ratio"":0.23076923076923077,""f_ext_date"":""2025-01-04"",""f_ext_time"":10,""f_ldg"":26,""f_ldg_ratio"":0.16666666666666665}"
sfep-replay-events/v1,@BUNDLE_ID@,@CRITERIA_ID@,sha256:2283239238be3f38250434930644c73d5e10cfaab012444598f31b0e15fd4481,2025-01-04,10,FURNACE_HOUR,sha256:b15017c60eb7b84133a04417586ab01c4232c28ecbd46abec59973bc8b6e63f0,,RM4_RECORDED,SEQUENCE_ONLY,sha256:5f9426e810e782392bf22850d664df28df23f22f53925a9bb7d7fcd1d19f15a6,RM4,RM4_PROCESS,CH4,2,H008,,"{""hr_date"":""2025-01-04"",""hr_thick"":4.2,""hr_width"":1360,""rm4_temp"":1065,""rm_pitch"":1.8}"
sfep-replay-events/v1,@BUNDLE_ID@,@CRITERIA_ID@,sha256:385ed8b250a1d57d286d4a46e1808c78f23b238f16267dba09caf6bb6ec8ee5a,2025-01-04,10,FURNACE_HOUR,sha256:b15017c60eb7b84133a04417586ab01c4232c28ecbd46abec59973bc8b6e63f0,,RM4_RECORDED,SEQUENCE_ONLY,sha256:a5c7eee0ad3a2c100999b028b8f309ee39ac136b5b6d3e6bc82288ef209ec5b7,RM4,RM4_PROCESS,CH4,1,H007,,"{""hr_date"":""2025-01-04"",""hr_thick"":4,""hr_width"":1360,""rm4_temp"":1060,""rm_pitch"":1.9}"
sfep-replay-events/v1,@BUNDLE_ID@,@CRITERIA_ID@,sha256:7603ebac97ead3dc1881cb05a6638658ca0bb578284569d97fc3368173ec49d2,2025-02-01,,AP_DAY,sha256:462c3bbd337ebcdee0a8e2aa2650deeabb08c329b089c764ec777929064fd537,,AP_RECORDED_WITH_RESULT,DAY,sha256:b313bfca80b92882d529a186bb7fc082e65020c409956481283745421ec1ce5a,AP,AP1,CH1,1,H001,A001,"{""ap_date"":""2025-02-01"",""ap_line_speed"":85,""ap_plant"":""AP1"",""ap_shift"":""A"",""ap_thick"":2.8,""ap_width"":1200,""judge"":""양품""}"
sfep-replay-events/v1,@BUNDLE_ID@,@CRITERIA_ID@,sha256:7b73b6883d19a7587de00a0b84d14518b2dd720a6a4b81096cf30d518f8f99ca,2025-02-02,,AP_DAY,sha256:2405e2b5dc9bfdba7bac64c35d981f8b561eb3766bc91d140e209337e7e5cd30,,AP_RECORDED_WITH_RESULT,DAY,sha256:0be5c92fa23c49ff2a32d7948db6928a472d3d50419d227d9751048bab3d6c45,AP,AP1,CH1,2,H002,A002,"{""ap_date"":""2025-02-02"",""ap_line_speed"":86,""ap_plant"":""AP1"",""ap_shift"":""B"",""ap_thick"":2.9,""ap_width"":1200,""judge"":""양품""}"
sfep-replay-events/v1,@BUNDLE_ID@,@CRITERIA_ID@,sha256:a1fe191056d58a134e2ce96d85f8a2e31270655df026036be05fe2008a22890e,2025-02-03,,AP_DAY,sha256:75f24eb12f92985ed928375b00d85fcae85c62bac678a20ae45905c87a0f92e9,,AP_RECORDED_WITH_RESULT,DAY,sha256:4dec341137fb0c155f8e07e450545eaf196a67ccdb35f5e3fc9b84abc76479a5,AP,AP2,CH2,1,H003,A003,"{""ap_date"":""2025-02-03"",""ap_line_speed"":70,""ap_plant"":""AP2"",""ap_shift"":""A"",""ap_thick"":2.8,""ap_width"":1250,""judge"":""불량""}"
sfep-replay-events/v1,@BUNDLE_ID@,@CRITERIA_ID@,sha256:f510c6b661b25cdf19107f6acb067bfed7914b8c5e653d1d4d580325c88b030c,2025-02-04,,AP_DAY,sha256:822d03031381d1646d14303a636afea1ab80b5e37b72abe7adb53e12f87f672a,,AP_RECORDED_WITH_RESULT,DAY,sha256:7423a9931c99172b0e2866033c1f0ea19ab53efe726110907b5afd2bcb6274ce,AP,AP2,CH2,2,H004,A004,"{""ap_date"":""2025-02-04"",""ap_line_speed"":82,""ap_plant"":""AP2"",""ap_shift"":""B"",""ap_thick"":3,""ap_width"":1250,""judge"":""양품""}"
sfep-replay-events/v1,@BUNDLE_ID@,@CRITERIA_ID@,sha256:49349074b793f50d42d7585182b0b66ca24c17ef9fc9e632f190d01192194f14,2025-02-05,,AP_DAY,sha256:abe7fc7be31aafa24e8c5eaff4864a7384c32483207d4388be4f8c56ab72d49f,,AP_RECORDED_WITH_RESULT,DAY,sha256:c51ab0d3a1baea29ad03b1e617ebec46ca635b3ba6cf930a90d0ab649a8c45e2,AP,AP1,CH3,1,H005,A005,"{""ap_date"":""2025-02-05"",""ap_line_speed"":84,""ap_plant"":""AP1"",""ap_shift"":""A"",""ap_thick"":3.8,""ap_width"":1300,""judge"":""양품""}"
sfep-replay-events/v1,@BUNDLE_ID@,@CRITERIA_ID@,sha256:c5a6c260d155d8a210709509a6eec315bdd0b3ad5f01826a14001f139b2fc108,2025-02-07,,AP_DAY,sha256:a7a77c56c322b19fc20e8f4a997fcce3e91bd494ee4945c050c11e48d2eea602,,AP_RECORDED_WITH_RESULT,DAY,sha256:a5c7eee0ad3a2c100999b028b8f309ee39ac136b5b6d3e6bc82288ef209ec5b7,AP,AP2,CH4,1,H007,A007,"{""ap_date"":""2025-02-07"",""ap_line_speed"":83,""ap_plant"":""AP2"",""ap_shift"":""A"",""ap_thick"":3.8,""ap_width"":1350,""judge"":""양품""}"
sfep-replay-events/v1,@BUNDLE_ID@,@CRITERIA_ID@,sha256:6fb29bd816b267d163841727d6b55d802506c82bce8b14ef08248fb25857ccf5,2025-02-08,,AP_DAY,sha256:6d8e63ab2006b958ae0583dcdda2d146bcba21e757b93add2c32786762f46420,,AP_RECORDED_WITH_RESULT,DAY,sha256:5f9426e810e782392bf22850d664df28df23f22f53925a9bb7d7fcd1d19f15a6,AP,AP2,CH4,2,H008,A008,"{""ap_date"":""2025-02-08"",""ap_line_speed"":81,""ap_plant"":""AP2"",""ap_shift"":""B"",""ap_thick"":4,""ap_width"":1350,""judge"":""양품""}"
sfep-replay-events/v1,@BUNDLE_ID@,@CRITERIA_ID@,sha256:e5d763c62454dd5db5f4c757d0be43ff4cb8fefd8a6ccb4157c34b5b6d9d6ce6,2025-02-20,,CAST_DAY,sha256:f0521a492083a3492ddfe8390e51e8361718935816681b2a62748f38c5f83312,,CAST_RECORDED,DAY,sha256:25f30e00ea308189ba2a90f15c39556ab8134830c3390847cb83faef56d720ea,SM_CC,SM1,CH5,1,,,"{""cast_date"":""2025-02-20"",""cc_gubun"":""CC1"",""delta_ferrite"":7.3,""ingre_cr"":18.4,""ingre_ni"":8.2,""ingre_s"":6e-3,""mlac_ratio"":0.95,""slab_grind"":""MISS"",""slab_gubun"":""NORMAL"",""sm_plant"":""SM1"",""steel_grade"":""STS304"",""steel_usage"":""A"",""tundish_temp"":1550}"
sfep-replay-events/v1,@BUNDLE_ID@,@CRITERIA_ID@,sha256:b44d1625391b921de4993ded812db3698a5f25224a213c0277a0bcc1693af0ea,2025-02-20,,CAST_DAY,sha256:f0521a492083a3492ddfe8390e51e8361718935816681b2a62748f38c5f83312,,CAST_RECORDED,DAY,sha256:b7c3a0abf6b6ad7f067e9d85f153164480c5b78869e2372bb54840541cee3547,SM_CC,SM1,CH5,2,,,"{""cast_date"":""2025-02-20"",""cc_gubun"":""CC1"",""delta_ferrite"":7.3,""ingre_cr"":18.4,""ingre_ni"":8.2,""ingre_s"":6e-3,""mlac_ratio"":0.95,""slab_grind"":""MPMP"",""slab_gubun"":""NORMAL"",""sm_plant"":""SM1"",""steel_grade"":""STS304"",""steel_usage"":""A"",""tundish_temp"":1550}"
sfep-replay-events/v1,@BUNDLE_ID@,@CRITERIA_ID@,sha256:ac4839255992b04b2b4dc4b9b0fe5295fb485727034620369383dff7976dca8f,2025-02-20,11,FURNACE_HOUR,sha256:a3a78954f429130aa06239f9f80637c74925fcf5da035249eee436121a2a5f76,sha256:6594b66ce6882f7178af68369c221e73ce4c6e592011e5a6eaea39250d87910a,FURNACE_CHARGED,HOUR_BUCKET,sha256:25f30e00ea308189ba2a90f15c39556ab8134830c3390847cb83faef56d720ea,FURNACE,1,CH5,1,,,"{""f_jangip_gubun"":""COLD"",""f_jangip_temp"":630,""furnace_no"":""1"",""slab_width"":1200}"
sfep-replay-events/v1,@BUNDLE_ID@,@CRITERIA_ID@,sha256:67ffe9c5e80b8aa01c50f41eb514989c021a93b364c8056ef3e66329178d0e41,2025-02-20,11,FURNACE_HOUR,sha256:a3a78954f429130aa06239f9f80637c74925fcf5da035249eee436121a2a5f76,sha256:97ad6220350e8dcf6546b45894c84188732bba37eec7080d3fdf10778643e50a,FURNACE_CHARGED,HOUR_BUCKET,sha256:b7c3a0abf6b6ad7f067e9d85f153164480c5b78869e2372bb54840541cee3547,FURNACE,2,CH5,2,,,"{""f_jangip_gubun"":""COLD"",""f_jangip_temp"":635,""furnace_no"":""2"",""slab_width"":1200}"
sfep-replay-events/v1,@BUNDLE_ID@,@CRITERIA_ID@,sha256:f5ffb43b4ca5e6d666c344b77a81b6eddd07c0e5f6ba866b75fd8e2d28c7067f,2025-02-20,11,FURNACE_HOUR,sha256:a3a78954f429130aa06239f9f80637c74925fcf5da035249eee436121a2a5f76,sha256:6594b66ce6882f7178af68369c221e73ce4c6e592011e5a6eaea39250d87910a,PREHEAT_COMPLETE,HOUR_BUCKET,sha256:25f30e00ea308189ba2a90f15c39556ab8134830c3390847cb83faef56d720ea,FURNACE,1,CH5,1,,,"{""f_pre_interval"":40,""f_pre_temp"":1090}"
sfep-replay-events/v1,@BUNDLE_ID@,@CRITERIA_ID@,sha256:e44318fa3c42a1dbd8e9961a015bb1aa6ec650d559f9688a75350964cfd7fed3,2025-02-20,11,FURNACE_HOUR,sha256:a3a78954f429130aa06239f9f80637c74925fcf5da035249eee436121a2a5f76,sha256:97ad6220350e8dcf6546b45894c84188732bba37eec7080d3fdf10778643e50a,PREHEAT_COMPLETE,HOUR_BUCKET,sha256:b7c3a0abf6b6ad7f067e9d85f153164480c5b78869e2372bb54840541cee3547,FURNACE,2,CH5,2,,,"{""f_pre_interval"":41,""f_pre_temp"":1095}"
sfep-replay-events/v1,@BUNDLE_ID@,@CRITERIA_ID@,sha256:61646489774ca2eaf26beb1abb0ca2ee2484077ace1c8c31674035f40163f97c,2025-02-20,11,FURNACE_HOUR,sha256:a3a78954f429130aa06239f9f80637c74925fcf5da035249eee436121a2a5f76,sha256:6594b66ce6882f7178af68369c221e73ce4c6e592011e5a6eaea39250d87910a,HEAT_COMPLETE,HOUR_BUCKET,sha256:25f30e00ea308189ba2a90f15c39556ab8134830c3390847cb83faef56d720ea,FURNACE,1,CH5,1,,,"{""f_heat_interval"":54,""f_heat_temp"":1228}"
sfep-replay-events/v1,@BUNDLE_ID@,@CRITERIA_ID@,sha256:cd60933e847d966d0957f768db6326724495682a93c20ff7bbeb9be8a44dac99,2025-02-20,11,FURNACE_HOUR,sha256:a3a78954f429130aa06239f9f80637c74925fcf5da035249eee436121a2a5f76,sha256:97ad6220350e8dcf6546b45894c84188732bba37eec7080d3fdf10778643e50a,HEAT_COMPLETE,HOUR_BUCKET,sha256:b7c3a0abf6b6ad7f067e9d85f153164480c5b78869e2372bb54840541cee3547,FURNACE,2,CH5,2,,,"{""f_heat_interval"":55,""f_heat_temp"":1232}"
sfep-replay-events/v1,@BUNDLE_ID@,@CRITERIA_ID@,sha256:a7718f16a2a96ae9815b81904697d3ff5661d103c2b550f222e66161053d2528,2025-02-20,11,FURNACE_HOUR,sha256:a3a78954f429130aa06239f9f80637c74925fcf5da035249eee436121a2a5f76,sha256:6594b66ce6882f7178af68369c221e73ce4c6e592011e5a6eaea39250d87910a,SOAK_COMPLETE,HOUR_BUCKET,sha256:25f30e00ea308189ba2a90f15c39556ab8134830c3390847cb83faef56d720ea,FURNACE,1,CH5,1,,,"{""f_sock_interval"":30,""f_sock_temp"":1248}"
sfep-replay-events/v1,@BUNDLE_ID@,@CRITERIA_ID@,sha256:69b2fdb151a660264319afeabee4c71fe5f4dce1aca0b510a2b4b04a18bb180b,2025-02-20,11,FURNACE_HOUR,sha256:a3a78954f429130aa06239f9f80637c74925fcf5da035249eee436121a2a5f76,sha256:97ad6220350e8dcf6546b45894c84188732bba37eec7080d3fdf10778643e50a,SOAK_COMPLETE,HOUR_BUCKET,sha256:b7c3a0abf6b6ad7f067e9d85f153164480c5b78869e2372bb54840541cee3547,FURNACE,2,CH5,2,,,"{""f_sock_interval"":31,""f_sock_temp"":1252}"
sfep-replay-events/v1,@BUNDLE_ID@,@CRITERIA_ID@,sha256:7392eadabe8cc09d5c8cfc9fa7afaa3d309e3e8e69971806db2d690875c7346d,2025-02-20,11,FURNACE_HOUR,sha256:a3a78954f429130aa06239f9f80637c74925fcf5da035249eee436121a2a5f76,sha256:6594b66ce6882f7178af68369c221e73ce4c6e592011e5a6eaea39250d87910a,FURNACE_EXTRACTED,HOUR_BUCKET,sha256:25f30e00ea308189ba2a90f15c39556ab8134830c3390847cb83faef56d720ea,FURNACE,1,CH5,1,,,"{""f_bfg"":101,""f_bfg_ratio"":0.6688741721854304,""f_cog"":30,""f_cog_ratio"":0.1986754966887417,""f_ext_date"":""2025-02-20"",""f_ext_time"":11,""f_ldg"":20,""f_ldg_ratio"":0.13245033112582782}"
sfep-replay-events/v1,@BUNDLE_ID@,@CRITERIA_ID@,sha256:1dccfd835af33da725f9bdb49dc7ec73d762edcb08f8aa51f28dfa6ac1f190c8,2025-02-20,11,FURNACE_HOUR,sha256:a3a78954f429130aa06239f9f80637c74925fcf5da035249eee436121a2a5f76,sha256:97ad6220350e8dcf6546b45894c84188732bba37eec7080d3fdf10778643e50a,FURNACE_EXTRACTED,HOUR_BUCKET,sha256:b7c3a0abf6b6ad7f067e9d85f153164480c5b78869e2372bb54840541cee3547,FURNACE,2,CH5,2,,,"{""f_bfg"":103,""f_bfg_ratio"":0.673202614379085,""f_cog"":31,""f_cog_ratio"":0.20261437908496731,""f_ext_date"":""2025-02-20"",""f_ext_time"":11,""f_ldg"":19,""f_ldg_ratio"":0.12418300653594771}"
sfep-replay-events/v1,@BUNDLE_ID@,@CRITERIA_ID@,sha256:16c686e10a8d06b399b4f415d2edc153d1f34f19a3b739eae0c39aa62ba0bea8,2025-02-20,11,FURNACE_HOUR,sha256:a3a78954f429130aa06239f9f80637c74925fcf5da035249eee436121a2a5f76,,RM4_RECORDED,SEQUENCE_ONLY,sha256:25f30e00ea308189ba2a90f15c39556ab8134830c3390847cb83faef56d720ea,RM4,RM4_PROCESS,CH5,1,H009,,"{""hr_date"":""2025-02-20"",""hr_thick"":3,""hr_width"":1210,""rm4_temp"":1048,""rm_pitch"":2.1}"
sfep-replay-events/v1,@BUNDLE_ID@,@CRITERIA_ID@,sha256:38337cee4505b79eee17f012d5a6ab650c82c4f1fbe400c899933c071dca031f,2025-02-20,11,FURNACE_HOUR,sha256:a3a78954f429130aa06239f9f80637c74925fcf5da035249eee436121a2a5f76,,RM4_RECORDED,SEQUENCE_ONLY,sha256:b7c3a0abf6b6ad7f067e9d85f153164480c5b78869e2372bb54840541cee3547,RM4,RM4_PROCESS,CH5,2,H010,,"{""hr_date"":""2025-02-20"",""hr_thick"":3.1,""hr_width"":1210,""rm4_temp"":1052,""rm_pitch"":2.2}"
sfep-replay-events/v1,@BUNDLE_ID@,@CRITERIA_ID@,sha256:1cc5ba4c7a0da0ae2e92af8cea829af9f3bf88d7b597d5b485563142da0e9cc0,2025-02-21,,CAST_DAY,sha256:1b7643ebfbd026600978a49bad53179dfb59fd188b338217e6ad5161043751fa,,CAST_RECORDED,DAY,sha256:bcb3b5f46b166de1314cb525b7f231d6c1a7be91f811082c9a5079c43da15d75,SM_CC,SM2,CH6,1,,,"{""cast_date"":""2025-02-21"",""cc_gubun"":""CC2"",""delta_ferrite"":5,""ingre_cr"":16.4,""ingre_ni"":10.2,""ingre_s"":4e-3,""mlac_ratio"":0.87,""slab_grind"":""MSMS"",""slab_gubun"":""NORMAL"",""sm_plant"":""SM2"",""steel_grade"":""STS316"",""steel_usage"":""B"",""tundish_temp"":1525}"
sfep-replay-events/v1,@BUNDLE_ID@,@CRITERIA_ID@,sha256:b93ad989398f98465e523ffcd096a6ebdaddf428bb5c5b30532630ed4e4c33c6,2025-02-21,,CAST_DAY,sha256:1b7643ebfbd026600978a49bad53179dfb59fd188b338217e6ad5161043751fa,,CAST_RECORDED,DAY,sha256:e5ff9626266418cce0bb0cf721978e472f9c01a4b15b3f1e64cf7003bcd5cdec,SM_CC,SM2,CH6,2,,,"{""cast_date"":""2025-02-21"",""cc_gubun"":""CC2"",""delta_ferrite"":5,""ingre_cr"":16.4,""ingre_ni"":10.2,""ingre_s"":4e-3,""mlac_ratio"":0.87,""slab_grind"":""MP"",""slab_gubun"":""NORMAL"",""sm_plant"":""SM2"",""steel_grade"":""STS316"",""steel_usage"":""B"",""tundish_temp"":1525}"
sfep-replay-events/v1,@BUNDLE_ID@,@CRITERIA_ID@,sha256:c13e93253c3da85102fe4b8b82fe8f2aa1d2336c0c8127f7b6246e28dd44ad2f,2025-02-21,12,FURNACE_HOUR,sha256:f512db7473afef7554c3a64a0293953d6b6e6e7dcffac66195d07dd43cac7dc1,sha256:98be997aeab7295b9cd2ab3bbec826f0221295a9894fef8bce5bd71289ea720e,FURNACE_CHARGED,HOUR_BUCKET,sha256:bcb3b5f46b166de1314cb525b7f231d6c1a7be91f811082c9a5079c43da15d75,FURNACE,3,CH6,1,,,"{""f_jangip_gubun"":""HOT"",""f_jangip_temp"":720,""furnace_no"":""3"",""slab_width"":1250}"
sfep-replay-events/v1,@BUNDLE_ID@,@CRITERIA_ID@,sha256:cfb4c5610ac6e7defbb3029a0507848139954edae98c536c31882e639d81b7cd,2025-02-21,12,FURNACE_HOUR,sha256:f512db7473afef7554c3a64a0293953d6b6e6e7dcffac66195d07dd43cac7dc1,sha256:86a9a439c4ea3d5b2a1fa8eda8da9baee86fb85491f8bac44455c5bb9ae43739,FURNACE_CHARGED,HOUR_BUCKET,sha256:e5ff9626266418cce0bb0cf721978e472f9c01a4b15b3f1e64cf7003bcd5cdec,FURNACE,4,CH6,2,,,"{""f_jangip_gubun"":""HOT"",""f_jangip_temp"":725,""furnace_no"":""4"",""slab_width"":1250}"
sfep-replay-events/v1,@BUNDLE_ID@,@CRITERIA_ID@,sha256:6fd74b16a80ec31c27c4305126c28281a215ce237ba1d10c770b57afe6cf5b2f,2025-02-21,12,FURNACE_HOUR,sha256:f512db7473afef7554c3a64a0293953d6b6e6e7dcffac66195d07dd43cac7dc1,sha256:98be997aeab7295b9cd2ab3bbec826f0221295a9894fef8bce5bd71289ea720e,PREHEAT_COMPLETE,HOUR_BUCKET,sha256:bcb3b5f46b166de1314cb525b7f231d6c1a7be91f811082c9a5079c43da15d75,FURNACE,3,CH6,1,,,"{""f_pre_interval"":35,""f_pre_temp"":1120}"
sfep-replay-events/v1,@BUNDLE_ID@,@CRITERIA_ID@,sha256:02e10151f93741994523d7112004fe25d323f17e0146fc94523bbf472c0e82bc,2025-02-21,12,FURNACE_HOUR,sha256:f512db7473afef7554c3a64a0293953d6b6e6e7dcffac66195d07dd43cac7dc1,sha256:86a9a439c4ea3d5b2a1fa8eda8da9baee86fb85491f8bac44455c5bb9ae43739,PREHEAT_COMPLETE,HOUR_BUCKET,sha256:e5ff9626266418cce0bb0cf721978e472f9c01a4b15b3f1e64cf7003bcd5cdec,FURNACE,4,CH6,2,,,"{""f_pre_interval"":34,""f_pre_temp"":1125}"
sfep-replay-events/v1,@BUNDLE_ID@,@CRITERIA_ID@,sha256:fa7870d8a765bf96ac129b46e137088905c176857aa69ad706f67a5b1a6aa3f7,2025-02-21,12,FURNACE_HOUR,sha256:f512db7473afef7554c3a64a0293953d6b6e6e7dcffac66195d07dd43cac7dc1,sha256:98be997aeab7295b9cd2ab3bbec826f0221295a9894fef8bce5bd71289ea720e,HEAT_COMPLETE,HOUR_BUCKET,sha256:bcb3b5f46b166de1314cb525b7f231d6c1a7be91f811082c9a5079c43da15d75,FURNACE,3,CH6,1,,,"{""f_heat_interval"":48,""f_heat_temp"":1250}"
sfep-replay-events/v1,@BUNDLE_ID@,@CRITERIA_ID@,sha256:b616dbdd3d3c078d970ba0c29666f9d068a2ad78e20b5bc666f891c8687735e9,2025-02-21,12,FURNACE_HOUR,sha256:f512db7473afef7554c3a64a0293953d6b6e6e7dcffac66195d07dd43cac7dc1,sha256:86a9a439c4ea3d5b2a1fa8eda8da9baee86fb85491f8bac44455c5bb9ae43739,HEAT_COMPLETE,HOUR_BUCKET,sha256:e5ff9626266418cce0bb0cf721978e472f9c01a4b15b3f1e64cf7003bcd5cdec,FURNACE,4,CH6,2,,,"{""f_heat_interval"":47,""f_heat_temp"":1255}"
sfep-replay-events/v1,@BUNDLE_ID@,@CRITERIA_ID@,sha256:d11d18cc2fb3682d78385b91b31fea7a2cadb7eeb08cee778e92d2c7759c7e2f,2025-02-21,12,FURNACE_HOUR,sha256:f512db7473afef7554c3a64a0293953d6b6e6e7dcffac66195d07dd43cac7dc1,sha256:98be997aeab7295b9cd2ab3bbec826f0221295a9894fef8bce5bd71289ea720e,SOAK_COMPLETE,HOUR_BUCKET,sha256:bcb3b5f46b166de1314cb525b7f231d6c1a7be91f811082c9a5079c43da15d75,FURNACE,3,CH6,1,,,"{""f_sock_interval"":25,""f_sock_temp"":1270}"
sfep-replay-events/v1,@BUNDLE_ID@,@CRITERIA_ID@,sha256:507a6fc8cfd647492e7faba0bc875aa2f872eedf51ef79afd5364dd695f973c7,2025-02-21,12,FURNACE_HOUR,sha256:f512db7473afef7554c3a64a0293953d6b6e6e7dcffac66195d07dd43cac7dc1,sha256:86a9a439c4ea3d5b2a1fa8eda8da9baee86fb85491f8bac44455c5bb9ae43739,SOAK_COMPLETE,HOUR_BUCKET,sha256:e5ff9626266418cce0bb0cf721978e472f9c01a4b15b3f1e64cf7003bcd5cdec,FURNACE,4,CH6,2,,,"{""f_sock_interval"":24,""f_sock_temp"":1275}"
sfep-replay-events/v1,@BUNDLE_ID@,@CRITERIA_ID@,sha256:48a8a9abafc4b976163baf7e9598469cc4afa191bb07bc353337d8db9d27c133,2025-02-21,12,FURNACE_HOUR,sha256:f512db7473afef7554c3a64a0293953d6b6e6e7dcffac66195d07dd43cac7dc1,sha256:98be997aeab7295b9cd2ab3bbec826f0221295a9894fef8bce5bd71289ea720e,FURNACE_EXTRACTED,HOUR_BUCKET,sha256:bcb3b5f46b166de1314cb525b7f231d6c1a7be91f811082c9a5079c43da15d75,FURNACE,3,CH6,1,,,"{""f_bfg"":92,""f_bfg_ratio"":0.5822784810126582,""f_cog"":38,""f_cog_ratio"":0.24050632911392405,""f_ext_date"":""2025-02-21"",""f_ext_time"":12,""f_ldg"":28,""f_ldg_ratio"":0.17721518987341771}"
sfep-replay-events/v1,@BUNDLE_ID@,@CRITERIA_ID@,sha256:a4523f9e8c0792c31447cae03cac475e0a8803ae34d1dd6c580a43be9bb26508,2025-02-21,12,FURNACE_HOUR,sha256:f512db7473afef7554c3a64a0293953d6b6e6e7dcffac66195d07dd43cac7dc1,sha256:86a9a439c4ea3d5b2a1fa8eda8da9baee86fb85491f8bac44455c5bb9ae43739,FURNACE_EXTRACTED,HOUR_BUCKET,sha256:e5ff9626266418cce0bb0cf721978e472f9c01a4b15b3f1e64cf7003bcd5cdec,FURNACE,4,CH6,2,,,"{""f_bfg"":91,""f_bfg_ratio"":0.5723270440251572,""f_cog"":39,""f_cog_ratio"":0.24528301886792452,""f_ext_date"":""2025-02-21"",""f_ext_time"":12,""f_ldg"":29,""f_ldg_ratio"":0.18238993710691822}"
sfep-replay-events/v1,@BUNDLE_ID@,@CRITERIA_ID@,sha256:d30cd5c0fce63b764db69c370bef407da42eb00ebb57380f94adcdb1d6e83616,2025-02-21,12,FURNACE_HOUR,sha256:f512db7473afef7554c3a64a0293953d6b6e6e7dcffac66195d07dd43cac7dc1,,RM4_RECORDED,SEQUENCE_ONLY,sha256:bcb3b5f46b166de1314cb525b7f231d6c1a7be91f811082c9a5079c43da15d75,RM4,RM4_PROCESS,CH6,1,H011,,"{""hr_date"":""2025-02-21"",""hr_thick"":3,""hr_width"":1260,""rm4_temp"":1070,""rm_pitch"":1.7}"
sfep-replay-events/v1,@BUNDLE_ID@,@CRITERIA_ID@,sha256:4f90b14249264d7957aebec8d37330bd63f524337aada74aa9c1d6f9418800f0,2025-02-21,12,FURNACE_HOUR,sha256:f512db7473afef7554c3a64a0293953d6b6e6e7dcffac66195d07dd43cac7dc1,,RM4_RECORDED,SEQUENCE_ONLY,sha256:e5ff9626266418cce0bb0cf721978e472f9c01a4b15b3f1e64cf7003bcd5cdec,RM4,RM4_PROCESS,CH6,2,H012,,"{""hr_date"":""2025-02-21"",""hr_thick"":3.2,""hr_width"":1260,""rm4_temp"":1075,""rm_pitch"":1.6}"
sfep-replay-events/v1,@BUNDLE_ID@,@CRITERIA_ID@,sha256:a486226a006c9c52d38325887fb331676c93fa5251da66116b85e79d0c985097,2025-03-25,,AP_DAY,sha256:86566ff912f7875be44d7e9c7ef1906bf88d6fd77a0c0778ef26699041e08b83,,AP_RECORDED_WITH_RESULT,DAY,sha256:25f30e00ea308189ba2a90f15c39556ab8134830c3390847cb83faef56d720ea,AP,AP1,CH5,1,H009,A009,"{""ap_date"":""2025-03-25"",""ap_line_speed"":87,""ap_plant"":""AP1"",""ap_shift"":""A"",""ap_thick"":2.8,""ap_width"":1200,""judge"":null}"
sfep-replay-events/v1,@BUNDLE_ID@,@CRITERIA_ID@,sha256:f876c25114300fd5933532e59e980c7f4238e1c69099133918f51a2e8573d647,2025-03-26,,AP_DAY,sha256:bf7eea0a3e5a8a43cc9567e9a5a027fac940fcf133774b1e3999ba5f446bf30c,,AP_RECORDED_WITH_RESULT,DAY,sha256:b7c3a0abf6b6ad7f067e9d85f153164480c5b78869e2372bb54840541cee3547,AP,AP1,CH5,2,H010,A010,"{""ap_date"":""2025-03-26"",""ap_line_speed"":88,""ap_plant"":""AP1"",""ap_shift"":""B"",""ap_thick"":2.9,""ap_width"":1200,""judge"":""양품""}"
sfep-replay-events/v1,@BUNDLE_ID@,@CRITERIA_ID@,sha256:6dda359b09b54d4f101774fd9b4a62e8e2adc1fe2b9dac081bb606fbdf60aed6,2025-04-01,,AP_DAY,sha256:833e7db510c25dab50c720a96b7a6bbe282b8e94fe36a9967a3e4a27c63d9048,,AP_RECORDED_WITH_RESULT,DAY,sha256:bcb3b5f46b166de1314cb525b7f231d6c1a7be91f811082c9a5079c43da15d75,AP,AP2,CH6,1,H011,A011,"{""ap_date"":""2025-04-01"",""ap_line_speed"":69,""ap_plant"":""AP2"",""ap_shift"":""A"",""ap_thick"":2.8,""ap_width"":1250,""judge"":""불량""}"
sfep-replay-events/v1,@BUNDLE_ID@,@CRITERIA_ID@,sha256:71a6ea2d6ce6e0f65f4b2188ce5e692df5e63408eb868b18a9f292419677a0a1,2025-04-02,,AP_DAY,sha256:df3ea97e78440e9ecf5952b2bc99ab8cf3639207a071693e94cf5047fbf4c711,,AP_RECORDED_WITH_RESULT,DAY,sha256:e5ff9626266418cce0bb0cf721978e472f9c01a4b15b3f1e64cf7003bcd5cdec,AP,AP2,CH6,2,H012,A012,"{""ap_date"":""2025-04-02"",""ap_line_speed"":80,""ap_plant"":""AP2"",""ap_shift"":""B"",""ap_thick"":3,""ap_width"":1250,""judge"":""양품""}"
